{
  "feature_means": [
    1.0067561463464996,
    109.34827284652383,
    1.4216950881795656,
    3.374751008113492,
    18.666472331535733,
    17.54593596657436,
    7993.908164504688,
    13233.78556332896,
    82410.88673910811,
    180.96766749259098,
    95.71300344944858,
    64549016.914059296,
    630546.9589998035,
    4.753692367487733,
    6.308555604139339,
    755.3943010848151,
    121.70128382695671,
    6363.075099675206,
    535.1804302089224,
    133.45908030899287,
    1084641551.1152892,
    1073464670.8803867,
    128.28662002623525,
    0.055925044429869314,
    0.029255929201282616,
    0.0266691152285867,
    139.52860370208424,
    116.2750692318904,
    0.09427683039401448,
    1595.3718845649323,
    9.54660399358694,
    1.3692731866103094,
    5.744922994704368,
    4.928897633969781,
    3.663010737015984,
    7.456359617159792,
    0.008283534956031676,
    0.008380702521498324,
    0.1297429917893407,
    6.468359811494923,
    9.164261769421367,
    0.011125686245931108
  ],
  "feature_stds": [
    4.710415814358316,
    18.63716894166141,
    2.1080703717222997,
    0.6703678912352492,
    133.9155401863431,
    115.5733837578409,
    171641.21949810066,
    151470.5362064272,
    148619.46447040632,
    101.51274102120051,
    116.66701312494705,
    179860740.33066112,
    2392986.0229741237,
    64.64922695374652,
    55.70768312892233,
    6182.578184642332,
    1292.3706501880554,
    56723.67220502831,
    3635.283305742612,
    127.35622632027005,
    1390851314.9312398,
    1381987799.1819706,
    127.49059581194518,
    0.11602107656083627,
    0.07085310112630845,
    0.0550932137514525,
    208.470797265958,
    244.5987859682499,
    0.5429185318190026,
    38066.74111126214,
    11.090221203797059,
    1.0671816200273792,
    8.4180608516499,
    8.389494316298293,
    5.915350131623553,
    11.415122060090296,
    0.09117064984710499,
    0.09248452362477445,
    0.6386787059243536,
    8.54387480132558,
    11.121345847357329,
    0.10488997783052326
  ],
  "feature_profiles": {
    "Analysis": {
      "profile": [
        0.01387000515023795,
        0.0978939431283252,
        0.03941831283134385,
        0.05277270139996,
        0.007013812497145831,
        0.00850298863762082,
        0.0026273716691248665,
        0.005066377479277923,
        0.0422980502723112,
        0.04431642049271154,
        0.0505510913515636,
        0.02805443365753036,
        0.015373187446643639,
        0.004144206571963518,
        0.006442310672191901,
        0.007367880563235865,
        0.007563679448809677,
        0.010547233428459257,
        0.010616403797102424,
        0.06078118912019436,
        0.04665732472124976,
        0.04586905093489396,
        0.05875209527226055,
        0.030075895828765537,
        0.02563998781467289,
        0.030362453906231327,
        0.011792046808345568,
        0.025998101012456497,
        0.010149554508764126,
        0.002449587227677314,
        0.022742492455074016,
        0.033419813149968294,
        0.0184089996964961,
        0.016180716463366704,
        0.01809714336631121,
        0.018329750638509126,
        0.005310523465347134,
        0.005296488513017328,
        0.011873483275932682,
        0.020601137886123465,
        0.020572069796157614,
        0.0061996830581354185
      ],
      "sample_count": 677,
      "mean_abnormality": 0.023809523795607395,
      "max_abnormality": 0.0978939431283252
    },
    "Backdoor": {
      "profile": [
        0.021552012488377514,
        0.09172364765759192,
        0.04068108935170289,
        0.05430882328098433,
        0.007166290735008993,
        0.00858274649216252,
        0.0026457319512283805,
        0.005126990302383274,
        0.03992487230914859,
        0.043491007590097594,
        0.050701362400113546,
        0.026681259252720285,
        0.015483403463940809,
        0.004202600558352747,
        0.006510374559111267,
        0.007010929777354333,
        0.005346456759211981,
        0.006399240211591534,
        0.008520973500873419,
        0.0612604225132983,
        0.04683984524998853,
        0.04679870215951876,
        0.05922364465192233,
        0.02856326884010797,
        0.02466442775291458,
        0.02950714036553799,
        0.013556958816278962,
        0.027325016870975546,
        0.011660870812859271,
        0.0024687132056397617,
        0.024472101073732388,
        0.03561848704968489,
        0.017263749756380717,
        0.01550206602882291,
        0.018240825445994393,
        0.01999655765897439,
        0.005353264903583246,
        0.005339116991758568,
        0.012789281522313256,
        0.01860465607877936,
        0.022641488174313728,
        0.0062495808454706555
      ],
      "sample_count": 583,
      "mean_abnormality": 0.02380952379549539,
      "max_abnormality": 0.09172364765759192
    },
    "DoS": {
      "profile": [
        0.028313321983840914,
        0.05918239395571516,
        0.04583165867581904,
        0.04534806141574186,
        0.01375177214809903,
        0.018006102594279098,
        0.008209595910522414,
        0.014141135785812144,
        0.03666563184756563,
        0.04064012269237248,
        0.0485515517586102,
        0.02755127645190705,
        0.013318707800976137,
        0.010397460509858627,
        0.015145141867152326,
        0.005980113626416718,
        0.004313434121353338,
        0.005188957200983056,
        0.008157421780812404,
        0.05252556012111763,
        0.042207268660087824,
        0.04196954741296771,
        0.051462772546821196,
        0.024805560558303737,
        0.021935387378679626,
        0.026446654269403392,
        0.022088275104778357,
        0.02713045682546614,
        0.017440908828558654,
        0.006906223279157611,
        0.024907849604320558,
        0.03027341436173333,
        0.02181493381626977,
        0.018675327507914046,
        0.017849426013631733,
        0.017869944251732245,
        0.005473577328205483,
        0.005449562907662008,
        0.017011224568724333,
        0.02768151338904829,
        0.023938741469793603,
        0.005442007154727346
      ],
      "sample_count": 4089,
      "mean_abnormality": 0.02380952379730815,
      "max_abnormality": 0.05918239395571516
    },
    "Exploits": {
      "profile": [
        0.016555087870614223,
        0.024741761871285538,
        0.0620035906843922,
        0.03313278050643547,
        0.012371715369329189,
        0.01108571793938779,
        0.010411910575229057,
        0.008982285578239553,
        0.028914728197473667,
        0.044538013921928805,
        0.05590020648173071,
        0.021079464994374155,
        0.011642311969811713,
        0.01097595474948567,
        0.009367065719126775,
        0.005366749500764378,
        0.003301446561926024,
        0.004211698901141385,
        0.015725744470435832,
        0.04660852794197034,
        0.04343700254617972,
        0.04319343255889331,
        0.04731591038986776,
        0.02352295421220627,
        0.021529075137685247,
        0.02725907052805363,
        0.03429535181180442,
        0.0389670926445007,
        0.024442985848592506,
        0.004728573471051515,
        0.029351396167456183,
        0.021452621673378785,
        0.02273815015325959,
        0.019819022431023382,
        0.019313517721064325,
        0.022354186241164985,
        0.01819103403781251,
        0.017979765671586396,
        0.023614290897221873,
        0.025650568370940787,
        0.028896612501036156,
        0.005030620705863848
      ],
      "sample_count": 11132,
      "mean_abnormality": 0.023809523798231577,
      "max_abnormality": 0.0620035906843922
    },